M0;RT min;RT max;link to pubchem;compouind name;HMDBID;MF;KEGGID
118,0266084;12,40;16,40;http://pubchem.ncbi.nlm.nih.gov/summary/summary.cgi?cid=1110&loc=ec_rcs;"""Succinic acid""";HMDB00254;C4H6O4;C00042
134,021523;12,50;16,50;http://pubchem.ncbi.nlm.nih.gov/summary/summary.cgi?cid=525&loc=ec_rcs;"""Malic acid""";HMDB00744;C4H6O5;C00149
146,021523;12,80;16,80;http://pubchem.ncbi.nlm.nih.gov/summary/summary.cgi?cid=51&loc=ec_rcs;"""Oxoglutaric acid""";HMDB00208;C5H6O5;C00026
167,9823741;14,00;18,00;http://pubchem.ncbi.nlm.nih.gov/summary/summary.cgi?cid=1005&loc=ec_rcs;"""Phosphoenolpyruvic acid""";HMDB00263;C3H5O6P;C00074
192,0270022;14,00;18,00;http://pubchem.ncbi.nlm.nih.gov/summary/summary.cgi?cid=311&loc=ec_rcs;"""Citric acid""";HMDB00094;C6H8O7;C00158
230,0191533;11,90;16,00;http://pubchem.ncbi.nlm.nih.gov/summary/summary.cgi?cid=77982&loc=ec_rcs;"""D-Ribose 5-phosphate""";HMDB01548;C5H11O8P;C00117
260,0297179;11,90;16,00;http://pubchem.ncbi.nlm.nih.gov/summary/summary.cgi?cid=208&loc=ec_rcs;"""Glucose 6-phosphate""";HMDB01401;C6H13O9P;C00668
276,0246325;14,00;18,00;http://pubchem.ncbi.nlm.nih.gov/summary/summary.cgi?cid=91493&loc=ec_rcs;"""6-Phosphogluconic acid""";HMDB01316;C6H13O10P;C00345
339,9960482;13,60;17,60;http://pubchem.ncbi.nlm.nih.gov/summary/summary.cgi?cid=718&loc=ec_rcs;"""Fructose 1,6-bisphosphate""";HMDB01058;C6H14O11P2;"C00354; C05378"
347,0630837;12,80;16,80;http://pubchem.ncbi.nlm.nih.gov/summary/summary.cgi?cid=6083&loc=ec_rcs;"""Adenosine monophosphate""";HMDB00045;C10H14N5O7P;C00020
427,029414;14,00;16,00;http://pubchem.ncbi.nlm.nih.gov/summary/summary.cgi?cid=159296&loc=ec_rcs;"""Adenosine 3,5-diphosphate""";HMDB00061;C10H15N5O10P2;C00054
506,9957443;14,80;18,80;http://pubchem.ncbi.nlm.nih.gov/summary/summary.cgi?cid=5957&loc=ec_rcs;"""Adenosine triphosphate""";HMDB00538;C10H16N5O13P3;C00002
522,9906589;14,70;18,70;http://pubchem.ncbi.nlm.nih.gov/summary/summary.cgi?cid=6830&loc=ec_rcs;"""Guanosine triphosphate""";HMDB01273;C10H16N5O14P3;C00044
612,1519606;11,80;15,00;http://pubchem.ncbi.nlm.nih.gov/summary/summary.cgi?cid=975&loc=ec_rcs;"""Oxidized glutathione""";HMDB03337;C20H32N6O12S2;C00127
665,1247704;9,50;13,50;http://pubchem.ncbi.nlm.nih.gov/summary/summary.cgi?cid=928&loc=ec_rcs;"""NADH""";HMDB01487;C21H29N7O14P2;C00004
745,0911007;10,00;17,00;http://pubchem.ncbi.nlm.nih.gov/summary/summary.cgi?cid=5884&loc=ec_rcs;"""NADPH""";HMDB00221;C21H30N7O17P3;C00005
787,172783;14,50;18,50;http://pubchem.ncbi.nlm.nih.gov/summary/summary.cgi?cid=446013&loc=ec_rcs;"""FADH""";HMDB01197;C27H35N9O15P2;C01352
809,1257714;15,20;19,20;http://pubchem.ncbi.nlm.nih.gov/summary/summary.cgi?cid=6302&loc=ec_rcs;"""Acetyl-CoA""";HMDB01206;C23H38N7O17P3S;C00024
867,1312506;12,00;16,00;http://pubchem.ncbi.nlm.nih.gov/summary/summary.cgi?cid=439161&loc=ec_rcs;"""Succinyl-CoA""";HMDB01022;C25H40N7O19P3S;C00091
